[
    {
        "pk": 1,
        "model": "hunchworks.hwlanguage",
        "fields": 
        {
            "language_name": "English"
        }
    },
    {
        "pk": 2,
        "model": "hunchworks.hwlanguage",
        "fields": 
        {
            "language_name": "French"
        }
    },
    {
        "pk": 3,
        "model": "hunchworks.hwlanguage",
        "fields": 
        {
            "language_name": "Spanish"
        }
    },
    {
        "pk": 4,
        "model": "hunchworks.hwlanguage",
        "fields": 
        {
            "language_name": "German"
        }
    },
    
    
    
    {
        "pk": 1,
        "model": "hunchworks.hwlocation",
        "fields": 
        {
            "location_name": "New York City, NY"
        }
    },
    {
        "pk": 2,
        "model": "hunchworks.hwlocation",
        "fields": 
        {
            "location_name": "San Francisco, CA"
        }
    },
    {
        "pk": 3,
        "model": "hunchworks.hwlocation",
        "fields": 
        {
            "location_name": "Miami, FL"
        }
    },
    {
        "pk": 4,
        "model": "hunchworks.hwlocation",
        "fields": 
        {
            "location_name": "San Antonio, TX"
        }
    },
    
    
    
    {
    	"pk": 1,
        "model": "hunchworks.hwskill",
        "fields": 
        {
            "skill_name": "English",
            "is_language": "1",
            "is_technical": "0"
        }
    },
    {
    	"pk": 2,
        "model": "hunchworks.hwskill",
        "fields": 
        {
            "skill_name": "French",
            "is_language": "1",
            "is_technical": "0"
        }
    },
    {
    	"pk": 3,
        "model": "hunchworks.hwskill",
        "fields": 
        {
            "skill_name": "Spanish",
            "is_language": "1",
            "is_technical": "0"
        }
    },
    {
    	"pk": 4,
        "model": "hunchworks.hwskill",
        "fields": 
        {
            "skill_name": "German",
            "is_language": "1",
            "is_technical": "0"
        }
    },
    {
    	"pk": 5,
        "model": "hunchworks.hwskill",
        "fields": 
        {
            "skill_name": "Visualization",
            "is_language": "0",
            "is_technical": "0"
        }
    },
    {
    	"pk": 6,
        "model": "hunchworks.hwskill",
        "fields": 
        {
            "skill_name": "Rapid development",
            "is_language": "0",
            "is_technical": "0"
        }
    },
    {
    	"pk": 7,
        "model": "hunchworks.hwskill",
        "fields": 
        {
            "skill_name": "Bomb dissarming",
            "is_language": "0",
            "is_technical": "0"
        }
    },
    {
    	"pk": 8,
        "model": "hunchworks.hwskill",
        "fields": 
        {
            "skill_name": "Flying license",
            "is_language": "0",
            "is_technical": "0"
        }
    },
    
    
    {
        "pk": 1,
        "model": "hunchworks.hwskillconnections",
        "fields": 
        {
            "skill": 1,
            "level": 1,
            "user": 1
        }
    },
    {
        "pk": 2,
        "model": "hunchworks.hwskillconnections",
        "fields": 
        {
            "skill": 2,
			"level": 0,
			"user": 1
        }
    },
    {
        "pk": 3,
        "model": "hunchworks.hwskillconnections",
        "fields": 
        {
            "skill": 3,
            "level": 1,
        	"user": 1
        }
    },
    {
        "pk": 4,
        "model": "hunchworks.hwskillconnections",
        "fields": 
        {
            "skill": 4,
            "level": 0,
            "user": 1
        }
    },
    {
        "pk": 5,
        "model": "hunchworks.hwskillconnections",
        "fields": 
        {
            "skill": 5,
            "level": 1,
            "user": 1
        }
    },
    {
        "pk": 6,
        "model": "hunchworks.hwskillconnections",
        "fields": 
        {
            "skill": 6,
			"level": 0,
			"user": 1
        }
    },
    {
        "pk": 7,
        "model": "hunchworks.hwskillconnections",
        "fields": 
        {
            "skill": 7,
            "level": 1,
        	"user": 1
        }
    },
    {
        "pk": 8,
        "model": "hunchworks.hwskillconnections",
        "fields": 
        {
            "skill": 8,
            "level": 0,
            "user": 1
        }
    },
    {
        "pk": 9,
        "model": "hunchworks.hwskillconnections",
        "fields": 
        {
            "skill": 1,
            "level": 0,
            "hunch": 1
        }
    },
    {
        "pk": 10,
        "model": "hunchworks.hwskillconnections",
        "fields": 
        {
            "skill": 5,
            "level": 0,
            "hunch": 1
        }
    },
    {
        "pk": 11,
        "model": "hunchworks.hwskillconnections",
        "fields": 
        {
            "skill": 2,
            "level": 0,
            "hunch": 2
        }
    },
    {
        "pk": 12,
        "model": "hunchworks.hwskillconnections",
        "fields": 
        {
            "skill": 6,
            "level": 0,
            "hunch": 2
        }
    },
    {
        "pk": 13,
        "model": "hunchworks.hwskillconnections",
        "fields": 
        {
            "skill": 3,
            "level": 0,
            "hunch": 3
        }
    },
    {
        "pk": 14,
        "model": "hunchworks.hwskillconnections",
        "fields": 
        {
            "skill": 7,
            "level": 0,
            "hunch": 3
        }
    },
    {
        "pk": 15,
        "model": "hunchworks.hwskillconnections",
        "fields": 
        {
            "skill": 4,
            "level": 0,
            "hunch": 4
        }
    },
    {
        "pk": 16,
        "model": "hunchworks.hwskillconnections",
        "fields": 
        {
            "skill": 8,
            "level": 0,
            "hunch": 4
        }
    },
    
    
    
    {
    	"pk": 1,
    	"model": "auth.user",
    	"fields":
    	{
    		"first_name": "test",
    		"last_name": "test",
    		"email": "test@test.com",
    		"username": "test",
    		"password": "sha1$485c2$9b04c450941be70bbad00283ff8897e7bb03bf9c",
    		"is_active": "True",
    		"is_staff": "True",
    		"is_superuser": "True",
    		"last_login": "2011-08-18 11:14:19.244634",
    		"date_joined": "2011-08-18 11:14:19.244634"
    	}
    },
    
    
    
    {
        "pk": 1,
        "model": "hunchworks.hwtag",
        "fields": 
        {
            "tag_name": "Global Warming"
        }
    },
    {
        "pk": 2,
        "model": "hunchworks.hwtag",
        "fields": 
        {
            "tag_name": "Drought"
        }
    },
    {
        "pk": 3,
        "model": "hunchworks.hwtag",
        "fields": 
        {
            "tag_name": "Flood"
        }
    },
    {
        "pk": 4,
        "model": "hunchworks.hwtag",
        "fields": 
        {
            "tag_name": "Tsunami"
        }
    },
    
    
    
    {
        "pk": 1,
        "model": "hunchworks.hwtagconnections",
        "fields": 
        {
            "tag": 1,
            "hunch": 1
        }
    },
    {
        "pk": 2,
        "model": "hunchworks.hwtagconnections",
        "fields": 
        {
            "tag": 2,
			"hunch": 1
        }
    },
    {
        "pk": 3,
        "model": "hunchworks.hwtagconnections",
        "fields": 
        {
            "tag": 3,
            "hunch": 2
        }
    },
    {
        "pk": 4,
        "model": "hunchworks.hwtagconnections",
        "fields": 
        {
            "tag": 4,
            "hunch": 2
        }
    },
    
    
    {
        "pk": 1,
        "model": "hunchworks.hwhunch",
        "fields": 
        {
            "creator": 1,
            "time_created": "2011-08-18 11:14:19.244634",
            "time_modified": "2011-08-18 11:14:19.244634",
            "status": 0,
            "title": "Global Warming is True",
            "privacy": 2,
            "strength": 2,
            "language": 1,
            "location": 1,
            "description": "Proving all the non-believers wrong"
        }
    },
    {
        "pk": 2,
        "model": "hunchworks.hwhunch",
        "fields": 
        {
            "creator": 1,
            "time_created": "2011-08-19 11:14:19.244634",
            "time_modified": "2011-08-19 11:14:19.244634",
            "status": 1,
            "title": "Global Warming is False",
            "privacy": 2,
            "strength": 2,
            "language": 1,
            "location": 1,
            "description": "Proving all the non-believers wrong"
        }
    },
    {
        "pk": 3,
        "model": "hunchworks.hwhunch",
        "fields": 
        {
            "creator": 1,
            "time_created": "2011-08-20 11:14:19.244634",
            "time_modified": "2011-08-20 11:14:19.244634",
            "status": 2,
            "title": "Famine in Horn of Africa",
            "privacy": 2,
            "strength": 2,
            "language": 1,
            "location": 1,
            "description": "Proof that their is a famine in the horn of africa"
        }
    },
    {
        "pk": 4,
        "model": "hunchworks.hwhunch",
        "fields": 
        {
            "creator": 1,
            "time_created": "2011-08-21 11:14:19.244634",
            "time_modified": "2011-08-21 11:14:19.244634",
            "status": 0,
            "title": "Japan nuclear plant still releasing radiation",
            "privacy": 2,
            "strength": 2,
            "language": 1,
            "location": 1,
            "description": "Japan crippled nuclear power plant is still releasing radiation clouds even though the Japanese government has said it isn't. Government hiding data from it's people?"
        }
    },
    
    
    {
        "pk": 1,
        "model": "hunchworks.hwhunchconnections",
        "fields": 
        {
            "hunch": 1,
            "status": 0,
            "user": 1
        }
    },
    {
        "pk": 2,
        "model": "hunchworks.hwhunchconnections",
        "fields": 
        {
            "hunch": 2,
			"status": 1,
			"user": 1
        }
    },
    {
        "pk": 3,
        "model": "hunchworks.hwhunchconnections",
        "fields": 
        {
            "hunch": 3,
            "status": 1,
            "user": 1
        }
    },
    {
        "pk": 4,
        "model": "hunchworks.hwhunchconnections",
        "fields": 
        {
            "hunch": 4,
            "status": 2,
            "user": 1
        }
    }
]
