[
    {
        "pk": 1,
        "model": "hunchworks.location",
        "fields":
        {
            "name": "New York City, NY",
            "latitude": "40.716667",
            "longitude": "-74"
        }
    },
    {
        "pk": 2,
        "model": "hunchworks.location",
        "fields":
        {
            "name": "Kampala, UG",
            "latitude": "0.313611",
            "longitude": "32.581111"
        }
    },
    {
        "pk": 3,
        "model": "hunchworks.location",
        "fields":
        {
            "name": "Miami, FL",
            "latitude": "25.787778",
            "longitude": "-80.224167"
        }
    },
    {
        "pk": 4,
        "model": "hunchworks.location",
        "fields":
        {
            "name": "San Antonio, TX",
            "latitude": "29.416667",
            "longitude": "-98.5"
        }
    },


    {
        "pk": 1,
        "model": "hunchworks.language",
        "fields":
        {
            "name": "English"
        }
    },
    {
        "pk": 2,
        "model": "hunchworks.language",
        "fields":
        {
            "name": "French"
        }
    },
    {
        "pk": 3,
        "model": "hunchworks.language",
        "fields":
        {
            "name": "Spanish"
        }
    },
    {
        "pk": 4,
        "model": "hunchworks.language",
        "fields":
        {
            "name": "German"
        }
    },


    {
        "pk": 1,
        "model": "hunchworks.skill",
        "fields":
        {
            "name": "Programming"
        }
    },
    {
        "pk": 2,
        "model": "hunchworks.skill",
        "fields":
        {
            "name": "Welding"
        }
    },
    {
        "pk": 3,
        "model": "hunchworks.skill",
        "fields":
        {
            "name": "Bomb dissarming"
        }
    },
    {
        "pk": 4,
        "model": "hunchworks.skill",
        "fields":
        {
            "name": "Flying license"
        }
    },


    {
        "pk": 1,
        "model": "auth.user",
        "fields":
        {
            "username": "adammck",
            "password": "sha1$b1cf2$8f61d50ba5f928a60fc421b62ae2bd265537311a",
            "is_active": "True",
            "is_staff": "True",
            "is_superuser": "True"
        }
    },
    {
        "pk": 2,
        "model": "auth.user",
        "fields":
        {
            "username": "Bluestreak2k5",
            "password": "sha1$cd46f$ae5a5e782433349ca44bd206cf4ed4c56851ca0a",
            "is_active": "True",
            "is_staff": "True",
            "is_superuser": "True"
        }
    },
    {
        "pk": 3,
        "model": "auth.user",
        "fields":
        {
            "username": "test",
            "password": "sha1$485c2$9b04c450941be70bbad00283ff8897e7bb03bf9c",
            "is_active": "True",
            "is_staff": "True",
            "is_superuser": "True",
            "last_login": "2011-08-18 11:14:19.244634",
            "date_joined": "2011-08-18 11:14:19.244634"
        }
    },
    {
        "pk": 4,
        "model": "auth.user",
        "fields":
        {
            "username": "Sean",
            "password": "",
            "is_active": "True",
            "is_staff": "False",
            "is_superuser": "False",
            "last_login": "2011-08-19 11:14:19.244634",
            "date_joined": "2011-08-19 11:14:19.244634"
        }
    },
    {
        "pk": 5,
        "model": "auth.user",
        "fields":
        {
            "username": "Mark",
            "password": "",
            "is_active": "True",
            "is_staff": "False",
            "is_superuser": "False",
            "last_login": "2011-08-20 11:14:19.244634",
            "date_joined": "2011-08-20 11:14:19.244634"
        }
    },
    {
        "pk": 6,
        "model": "auth.user",
        "fields":
        {
            "username": "Helena",
            "password": "",
            "is_active": "True",
            "is_staff": "False",
            "is_superuser": "False",
            "last_login": "2011-08-21 11:14:19.244634",
            "date_joined": "2011-08-21 11:14:19.244634"
        }
    },
    {
        "pk": 7,
        "model": "auth.user",
        "fields":
        {
            "username": "Betty",
            "password": "",
            "is_active": "True",
            "is_staff": "False",
            "is_superuser": "False",
            "last_login": "2011-08-22 11:14:19.244634",
            "date_joined": "2011-08-22 11:14:19.244634"
        }
    },
    {
        "pk": 8,
        "model": "auth.user",
        "fields":
        {
            "username": "Margunn",
            "password": "",
            "is_active": "True",
            "is_staff": "False",
            "is_superuser": "False",
            "last_login": "2011-08-23 11:14:19.244634",
            "date_joined": "2011-08-23 11:14:19.244634"
        }
    },
    {
        "pk": 9,
        "model": "auth.user",
        "fields":
        {
            "username": "Jen",
            "password": "",
            "is_active": "True",
            "is_staff": "False",
            "is_superuser": "False",
            "last_login": "2011-08-24 11:14:19.244634",
            "date_joined": "2011-08-24 11:14:19.244634"
        }
    },


    {
        "pk": 1,
        "model": "hunchworks.userprofile",
        "fields":
        {
            "user": 1,
            "name": "Adam Mckaig",
            "email": "adam.mckaig@gmail.com",
            "profile_picture": "fixtures/adam.jpg"
        }
    },
    {
        "pk": 2,
        "model": "hunchworks.userprofile",
        "fields":
        {
            "user": 2,
            "name": "Chris Blumberg",
            "email": "bluestreak2k5@yahoo.com",
            "profile_picture": "fixtures/chris.jpg"
        }
    },
    {
        "pk": 3,
        "model": "hunchworks.userprofile",
        "fields":
        {
            "user": 3,
            "name": "Test User",
            "email": "test@hunchworks.org",
            "skills": [1,3]
        }
    },
    {
        "pk": 3,
        "model": "hunchworks.userprofile",
        "fields":
        {
            "user": 3,
            "name": "Sean Rivello",
            "email": "sean@unicef.org",
            "skills": [2]
        }
    },
    {
        "pk": 4,
        "model": "hunchworks.userprofile",
        "fields":
        {
            "user": 4,
            "name": "Mark Spiegelman",
            "email": "mark@internews.com",
            "skills": [3]
        }
    },
    {
        "pk": 5,
        "model": "hunchworks.userprofile",
        "fields":
        {
            "user": 5,
            "name": "Helena Cabag",
            "email": "helen@undp.org",
            "skills": [2,4]
        }
    },
    {
        "pk": 6,
        "model": "hunchworks.userprofile",
        "fields":
        {
            "user": 6,
            "name": "Betty Heral",
            "email": "betty@crisismappers.com",
            "skills": [2,4]
        }
    },
    {
        "pk": 7,
        "model": "hunchworks.userprofile",
        "fields":
        {
            "user": 7,
            "name": "Margunn Grabow",
            "email": "margunn@undp.org",
            "skills": [2,4]
        }
    },
    {
        "pk": 8,
        "model": "hunchworks.userprofile",
        "fields":
        {
            "user": 8,
            "name": "Jen Maura",
            "email": "jen@nyu.edu",
            "skills": [2,4]
        }
    },


    {
        "pk": 1,
        "model": "hunchworks.group",
        "fields":
        {
            "name": "United Nations Children's Fund",
            "abbreviation": "UNICEF"
        }
    },
    {
        "pk": 2,
        "model": "hunchworks.group",
        "fields":
        {
            "name": "United States Agency for International Development",
            "abbreviation": "USAID"
        }
    },
    {
        "pk": 3,
        "model": "hunchworks.group",
        "fields":
        {
            "name": "United Nations Development Programme",
            "abbreviation": "UNDP"
        }
    },
    {
        "pk": 4,
        "model": "hunchworks.group",
        "fields":
        {
            "name": "Médecins Sans Frontières",
            "abbreviation": "MSF"
        }
    },
    {
        "pk": 5,
        "model": "hunchworks.group",
        "fields":
        {
            "name": "New York University",
            "abbreviation": "NYU"
        }
    },


    {
        "pk": 1,
        "model": "hunchworks.userprofilegroup",
        "fields":
        {
            "user_profile": 2,
            "group": 1,
            "status": 0
        }
    },
    {
        "pk": 2,
        "model": "hunchworks.userprofilegroup",
        "fields":
        {
            "user_profile": 3,
            "group": 2,
            "status": 1
        }
    },
    {
        "pk": 3,
        "model": "hunchworks.userprofilegroup",
        "fields":
        {
            "user_profile": 4,
            "group": 3,
            "status": 2
        }
    },
    {
        "pk": 4,
        "model": "hunchworks.userprofilegroup",
        "fields":
        {
            "user_profile": 5,
            "group": 4,
            "status": 1
        }
    },
    {
        "pk": 5,
        "model": "hunchworks.userprofilegroup",
        "fields":
        {
            "user_profile": 6,
            "group": 3,
            "status": 0
        }
    },
    {
        "pk": 6,
        "model": "hunchworks.userprofilegroup",
        "fields":
        {
            "user_profile": 7,
            "group": 5,
            "status": 1
        }
    },
    {
        "pk": 7,
        "model": "hunchworks.userprofilegroup",
        "fields":
        {
            "user_profile": 2,
            "group": 6,
            "status": 2
        }
    },
    {
        "pk": 8,
        "model": "hunchworks.userprofilegroup",
        "fields":
        {
            "user_profile": 4,
            "group": 6,
            "status": 1
        }
    },
    {
        "pk": 9,
        "model": "hunchworks.userprofilegroup",
        "fields":
        {
            "user_profile": 6,
            "group": 6,
            "status": 1
        }
    },


    {
        "pk": 1,
        "model": "hunchworks.connection",
        "fields":
        {
            "user_profile": 2,
            "other_user_profile": 3,
            "status": 0
        }
    },
    {
        "pk": 2,
        "model": "hunchworks.connection",
        "fields":
        {
            "user_profile": 4,
            "other_user_profile": 6,
            "status": 0
        }
    },
    {
        "pk": 3,
        "model": "hunchworks.connection",
        "fields":
        {
            "user_profile": 3,
            "other_user_profile": 2,
            "status": 0
        }
    },
    {
        "pk": 4,
        "model": "hunchworks.connection",
        "fields":
        {
            "user_profile": 6,
            "other_user_profile": 4,
            "status": 0
        }
    },
    {
        "pk": 5,
        "model": "hunchworks.connection",
        "fields":
        {
            "user_profile": 2,
            "other_user_profile": 4,
            "status": 0
        }
    },
    {
        "pk": 6,
        "model": "hunchworks.connection",
        "fields":
        {
            "user_profile": 3,
            "other_user_profile": 5,
            "status": 0
        }
    },
    {
        "pk": 7,
        "model": "hunchworks.connection",
        "fields":
        {
            "user_profile": 5,
            "other_user_profile": 3,
            "status": 0
        }
    },
    {
        "pk": 8,
        "model": "hunchworks.connection",
        "fields":
        {
            "user_profile": 4,
            "other_user_profile": 2,
            "status": 0
        }
    },
    {
        "pk": 9,
        "model": "hunchworks.connection",
        "fields":
        {
            "user_profile": 2,
            "other_user_profile": 5,
            "status": 0
        }
    },
    {
        "pk": 10,
        "model": "hunchworks.connection",
        "fields":
        {
            "user_profile": 5,
            "other_user_profile": 2,
            "status": 0
        }
    },
    {
        "pk": 11,
        "model": "hunchworks.connection",
        "fields":
        {
            "user_profile": 4,
            "other_user_profile": 5,
            "status": 0
        }
    },
    {
        "pk": 12,
        "model": "hunchworks.connection",
        "fields":
        {
            "user_profile": 5,
            "other_user_profile": 4,
            "status": 0
        }
    },


    {
        "pk": 1,
        "model": "hunchworks.tag",
        "fields":
        {
            "name": "Global Warming"
        }
    },
    {
        "pk": 2,
        "model": "hunchworks.tag",
        "fields":
        {
            "name": "Drought"
        }
    },
    {
        "pk": 3,
        "model": "hunchworks.tag",
        "fields":
        {
            "name": "Flood"
        }
    },
    {
        "pk": 4,
        "model": "hunchworks.tag",
        "fields":
        {
            "name": "Tsunami"
        }
    },


    {
        "pk": 1,
        "model": "hunchworks.hunch",
        "fields":
        {
            "creator": 1,
            "time_created": "2011-10-28 00:00:00",
            "time_modified": "2011-10-28 00:00:00",
            "title": "There will be a serious cholera outbreak in the IDP camp in Gulu within a year",
            "description": "There is a scarcity of basic sanitary facilities, shortage of water, poor drainage, poor sanitation habits, and contaminated boreholes. It is only a matter of time before disease breaks out.",
            "location": 2
        }
    },


    {
        "pk": 1,
        "model": "hunchworks.hunchuser",
        "fields":
        {
            "hunch": 1,
            "user_profile": 3
        }
    },
    {
        "pk": 2,
        "model": "hunchworks.hunchuser",
        "fields":
        {
            "hunch": 1,
            "user_profile": 4
        }
    },
    {
        "pk": 3,
        "model": "hunchworks.hunchuser",
        "fields":
        {
            "hunch": 1,
            "user_profile": 5
        }
    },
    {
        "pk": 4,
        "model": "hunchworks.hunchuser",
        "fields":
        {
            "hunch": 1,
            "user_profile": 6
        }
    },


    {
        "pk": 1,
        "model": "hunchworks.evidence",
        "fields":
        {
            "creator": 1,
            "time_created": "2011-10-28 00:00:00",
            "time_modified":  "2011-10-28 00:00:00",
            "description": "Mountains of garbage piling up in the Gulu IDP camp",
            "link" : "http://images.huffingtonpost.com/2011-06-12-new_campscene.jpg"
        }
    },
    {
        "pk": 2,
        "model": "hunchworks.evidence",
        "fields":
        {
            "creator": 1,
            "time_created": "2011-10-28 00:00:00",
            "time_modified":  "2011-10-28 00:00:00",
            "description": "Displaced people line up for cholera vaccinations in the Gulu IDP camp",
            "link" : "http://www.doctorswithoutborders.org/images/news/2008/40407.jpg"
        }
    },


    {
        "pk": 1,
        "model": "hunchworks.album",
        "fields":
        {
            "name": "Photos from the Gulu IDP camp in 2011",
            "evidences": [1, 2, 3]
        }
    },


    {
        "pk": 1,
        "model": "hunchworks.hunchevidence",
        "fields":
        {
            "hunch": 1,
            "evidence": 1,
            "support_cache": 1
        }
    },
    {
        "pk": 2,
        "model": "hunchworks.hunchevidence",
        "fields":
        {
            "hunch": 1,
            "evidence": 2,
            "support_cache": -2
        }
    },

    {
        "pk": 1,
        "model": "hunchworks.vote",
        "fields":
        {
            "hunch_evidence": 1,
            "user_profile": 1,
            "time_updated": "2011-10-28 00:00:00",
            "choice": 1
        }
    },
    {
        "pk": 2,
        "model": "hunchworks.vote",
        "fields":
        {
            "hunch_evidence": 2,
            "user_profile": 1,
            "time_updated": "2011-10-28 00:00:00",
            "choice": -2
        }
    },


    {
        "pk": 1,
        "model": "hunchworks.comment",
        "fields":
        {
            "text": "There are mountains of garbage piling up all over the place. Nobody is cleaning it up! The last time I saw this was in Pabbo in 2009, a few months before a serious diarrhea outbreak.",
            "time_posted": "2011-10-28 00:00:00",
            "creator": 1,
            "hunch_evidence": 1
        }
    },
    {
        "pk": 2,
        "model": "hunchworks.comment",
        "fields":
        {
            "text": "So what? Every IDP camp has mountains of garbage. This is not a compelling case for intervention.",
            "time_posted": "2011-10-28 00:00:00",
            "creator": 2,
            "hunch_evidence": 1
        }
    },
    {
        "pk": 3,
        "model": "hunchworks.comment",
        "fields":
        {
            "text": "That isn't true. Most IDP camps are maintained very well, because of the serious risk of disease. None of the agencies want to take responsibility for cleaning up this mess.",
            "time_posted": "2011-10-28 00:00:00",
            "creator": 1,
            "hunch_evidence": 1
        }
    },
    {
        "pk": 4,
        "model": "hunchworks.comment",
        "fields":
        {
            "text": "Earlier this year, MSF conducted a massive cholera vaccination programme nearby. There are many sanitation problems in this camp, but there will not be a cholera outbreak.",
            "time_posted": "2011-10-28 00:00:00",
            "creator": 2,
            "hunch_evidence": 2
        }
    }
]
