[
    {
        "pk": 1,
        "model": "hunchworks.location",
        "fields": 
        {
            "name": "New York City, NY",
            "latitude": "40.716667",
            "longitude": "-74"
        }
    },
    {
        "pk": 2,
        "model": "hunchworks.location",
        "fields": 
        {
            "name": "San Francisco, CA",
            "latitude": "37.7793",
            "longitude": "-122.4192"
        }
    },
    {
        "pk": 3,
        "model": "hunchworks.location",
        "fields": 
        {
            "name": "Miami, FL",
            "latitude": "25.787778",
            "longitude": "-80.224167"
        }
    },
    {
        "pk": 4,
        "model": "hunchworks.location",
        "fields": 
        {
            "name": "San Antonio, TX",
            "latitude": "29.416667",
            "longitude": "-98.5"
        }
    },


    {
    	"pk": 1,
        "model": "hunchworks.language",
        "fields": 
        {
            "name": "English"
        }
    },
    {
    	"pk": 2,
        "model": "hunchworks.language",
        "fields": 
        {
            "name": "French"
        }
    },
    {
    	"pk": 3,
        "model": "hunchworks.language",
        "fields": 
        {
            "name": "Spanish"
        }
    },
    {
    	"pk": 4,
        "model": "hunchworks.language",
        "fields": 
        {
            "name": "German"
        }
    },


    {
    	"pk": 1,
        "model": "hunchworks.skill",
        "fields": 
        {
            "name": "Visualization"
        }
    },
    {
    	"pk": 2,
        "model": "hunchworks.skill",
        "fields": 
        {
            "name": "Rapid development"
        }
    },
    {
    	"pk": 3,
        "model": "hunchworks.skill",
        "fields": 
        {
            "name": "Bomb dissarming"
        }
    },
    {
    	"pk": 4,
        "model": "hunchworks.skill",
        "fields": 
        {
            "name": "Flying license"
        }
    },


    {
    	"pk": 1,
    	"model": "auth.user",
    	"fields":
    	{
    		"first_name": "test",
    		"last_name": "test",
    		"email": "test@test.com",
    		"username": "test",
    		"password": "sha1$485c2$9b04c450941be70bbad00283ff8897e7bb03bf9c",
    		"is_active": "True",
    		"is_staff": "True",
    		"is_superuser": "True",
    		"last_login": "2011-08-18 11:14:19.244634",
    		"date_joined": "2011-08-18 11:14:19.244634"
    	}
    },
    {
    	"pk": 2,
    	"model": "auth.user",
    	"fields":
    	{
    		"first_name": "test2",
    		"last_name": "test2",
    		"email": "test2@test2.com",
    		"username": "test2",
    		"password": "sha1$7668f$d8e32fd7241ba5e19ccaea6eee69452e64ccc9ca",
    		"is_active": "True",
    		"is_staff": "False",
    		"is_superuser": "False",
    		"last_login": "2011-08-19 11:14:19.244634",
    		"date_joined": "2011-08-19 11:14:19.244634"
    	}
    },
    {
    	"pk": 3,
    	"model": "auth.user",
    	"fields":
    	{
    		"first_name": "test3",
    		"last_name": "test3",
    		"email": "test3@test3.com",
    		"username": "test3",
    		"password": "sha1$bd339$4e5cbd2c04d4125222c05e8cf5bc4c757533d202",
    		"is_active": "True",
    		"is_staff": "False",
    		"is_superuser": "False",
    		"last_login": "2011-08-20 11:14:19.244634",
    		"date_joined": "2011-08-20 11:14:19.244634"
    	}
    },
    {
    	"pk": 4,
    	"model": "auth.user",
    	"fields":
    	{
    		"first_name": "test4",
    		"last_name": "test4",
    		"email": "test4@test4.com",
    		"username": "test4",
    		"password": "sha1$6b45c$0c5611d85d551dde8bbc486dc36b9d521f4966a2",
    		"is_active": "True",
    		"is_staff": "False",
    		"is_superuser": "False",
    		"last_login": "2011-08-21 11:14:19.244634",
    		"date_joined": "2011-08-21 11:14:19.244634"
    	}
    },


    {
    	"pk": 1,
    	"model": "hunchworks.userprofile",
    	"fields":
    	{
    		"user": 1,
    		"name": "first1 last1",
    		"email": "test@test.com",
    		"skills": [1,3]
    	}
    },
    {
    	"pk": 2,
    	"model": "hunchworks.userprofile",
    	"fields":
    	{
    		"user": 2,
    		"name": "first2 last2",
    		"email": "test2@test2.com",
    		"skills": [2]
    	}
    },
    {
    	"pk": 3,
    	"model": "hunchworks.userprofile",
    	"fields":
    	{
    		"user": 3,
    		"name": "first3 last3",
    		"email": "test3@test3.com",
    		"skills": [3]
    	}
    },
    {
    	"pk": 4,
    	"model": "hunchworks.userprofile",
    	"fields":
    	{
    		"user": 4,
    		"name": "first4 last4",
    		"email": "test4@test4.com",
    		"skills": [2,4]
    	}
    },


    {
    	"pk": 1,
    	"model": "hunchworks.group",
    	"fields":
    	{
    		"name": "Created Group1"
    	}
    },
    {
    	"pk": 2,
    	"model": "hunchworks.group",
    	"fields":
    	{
    		"name": "Created Group2"
    	}
    },
    {
    	"pk": 3,
    	"model": "hunchworks.group",
    	"fields":
    	{
    		"name": "Created Group3"
    	}
    },
    {
    	"pk": 4,
    	"model": "hunchworks.group",
    	"fields":
    	{
    		"name": "Created Group4"
    	}
    },


    {
    	"pk": 1,
    	"model": "hunchworks.userprofilegroup",
    	"fields":
    	{
    		"user_profile": 1,
    		"group": 1,
            "status": 0
    	}
    },
    {
    	"pk": 2,
    	"model": "hunchworks.userprofilegroup",
    	"fields":
    	{
    		"user_profile": 2,
    		"group": 1,
            "status": 1
    	}
    },
    {
    	"pk": 3,
    	"model": "hunchworks.userprofilegroup",
    	"fields":
    	{
    		"user_profile": 3,
    		"group": 1,
            "status": 2
    	}
    },
    {
    	"pk": 4,
    	"model": "hunchworks.userprofilegroup",
    	"fields":
    	{
    		"user_profile": 4,
    		"group": 1,
            "status": 1
    	}
    },
    {
    	"pk": 5,
    	"model": "hunchworks.userprofilegroup",
    	"fields":
    	{
    		"user_profile": 1,
    		"group": 2,
            "status": 0
    	}
    },
    {
    	"pk": 6,
    	"model": "hunchworks.userprofilegroup",
    	"fields":
    	{
    		"user_profile": 2,
    		"group": 2,
            "status": 1
    	}
    },
    {
    	"pk": 7,
    	"model": "hunchworks.userprofilegroup",
    	"fields":
    	{
    		"user_profile": 3,
    		"group": 2,
            "status": 2
    	}
    },
    {
    	"pk": 8,
    	"model": "hunchworks.userprofilegroup",
    	"fields":
    	{
    		"user_profile": 1,
    		"group": 3,
            "status": 1
    	}
    },
    {
    	"pk": 9,
    	"model": "hunchworks.userprofilegroup",
    	"fields":
    	{
    		"user_profile": 4,
    		"group": 3,
            "status": 1
    	}
    },
    {
    	"pk": 10,
    	"model": "hunchworks.userprofilegroup",
    	"fields":
    	{
    		"user_profile": 2,
    		"group": 4,
            "status": 1
    	}
    },
    {
    	"pk": 11,
    	"model": "hunchworks.userprofilegroup",
    	"fields":
    	{
    		"user_profile": 3,
    		"group": 4,
            "status": 2
    	}
    },


    {
        "pk": 1,
        "model": "hunchworks.connection",
        "fields": 
        {
            "user_profile": 1,
            "other_user_profile": 2,
            "status": 0
        }
    },
    {
        "pk": 2,
        "model": "hunchworks.connection",
        "fields": 
        {
            "user_profile": 1,
            "other_user_profile": 3,
            "status": 0
        }
    },
    {
        "pk": 3,
        "model": "hunchworks.connection",
        "fields": 
        {
            "user_profile": 1,
            "other_user_profile": 4,
            "status": 0
        }
    },
    {
        "pk": 4,
        "model": "hunchworks.connection",
        "fields": 
        {
            "user_profile": 2,
            "other_user_profile": 3,
            "status": 0
        }
    },
    {
        "pk": 5,
        "model": "hunchworks.connection",
        "fields": 
        {
            "user_profile": 2,
            "other_user_profile": 4,
            "status": 0
        }
    },
    {
        "pk": 6,
        "model": "hunchworks.connection",
        "fields": 
        {
            "user_profile": 3,
            "other_user_profile": 4,
            "status": 0
        }
    },

    
    {
        "pk": 1,
        "model": "hunchworks.tag",
        "fields": 
        {
            "name": "Global Warming"
        }
    },
    {
        "pk": 2,
        "model": "hunchworks.tag",
        "fields": 
        {
            "name": "Drought"
        }
    },
    {
        "pk": 3,
        "model": "hunchworks.tag",
        "fields": 
        {
            "name": "Flood"
        }
    },
    {
        "pk": 4,
        "model": "hunchworks.tag",
        "fields": 
        {
            "name": "Tsunami"
        }
    },
    
    
    {
        "pk": 1,
        "model": "hunchworks.hunch",
        "fields": 
        {
            "creator": 1,
            "time_created": "2011-08-18 11:14:19.244634",
            "time_modified": "2011-08-18 11:14:19.244634",
            "status": 0,
            "title": "Global Warming is True",
            "privacy": 2,
            "translation_language": 1,
            "location": 1,
            "description": "Proving all the non-believers wrong",
            "tags": [1,2],
            "skills": [1,2,3,4],
            "languages": [1]
        }
    },
    {
        "pk": 2,
        "model": "hunchworks.hunch",
        "fields": 
        {
            "creator": 1,
            "time_created": "2011-08-19 11:14:19.244634",
            "time_modified": "2011-08-19 11:14:19.244634",
            "status": 1,
            "title": "Global Warming is False",
            "privacy": 2,
            "translation_language": 2,
            "location": 3,
            "description": "Proving all the non-believers wrong",
            "tags": [3,4],
            "skills": [3,4],
            "languages": [2]
        }
    },
    {
        "pk": 3,
        "model": "hunchworks.hunch",
        "fields": 
        {
            "creator": 1,
            "time_created": "2011-08-20 11:14:19.244634",
            "time_modified": "2011-08-20 11:14:19.244634",
            "status": 2,
            "title": "Famine in Horn of Africa",
            "privacy": 2,
            "translation_language": 4,
            "location": 2,
            "description": "Proof that their is a famine in the horn of africa",
            "skills": [1,4],
            "languages": [3]  
        }
    },
    {
        "pk": 4,
        "model": "hunchworks.hunch",
        "fields": 
        {
            "creator": 1,
            "time_created": "2011-08-21 11:14:19.244634",
            "time_modified": "2011-08-21 11:14:19.244634",
            "status": 2,
            "title": "Japan nuclear plant still releasing radiation",
            "privacy": 2,
            "translation_language": 3,
            "location": 1,
            "description": "Japan crippled nuclear power plant is still releasing radiation clouds even though the Japanese government has said it isn't. Government hiding data from it's people?",
            "skills": [2,4],
            "languages": [4]
        }
    },
    {
        "pk": 5,
        "model": "hunchworks.hunch",
        "fields": 
        {
            "creator": 2,
            "time_created": "2011-08-22 11:14:19.244634",
            "time_modified": "2011-08-22 11:14:19.244634",
            "status": 2,
            "title": "FEMA poorly mishandled Hurricane Katrina",
            "privacy": 1,
            "translation_language": 1,
            "location": 4,
            "description": "Government organizations are useless",
            "tags": [1,2],
            "skills": [1,2,3,4],
            "languages": [1]
        }
    },
    {
        "pk": 6,
        "model": "hunchworks.hunch",
        "fields": 
        {
            "creator": 2,
            "time_created": "2011-08-23 11:14:19.244634",
            "time_modified": "2011-08-23 11:14:19.244634",
            "status": 2,
            "title": "Drought going on in Africa",
            "privacy": 2,
            "translation_language": 2,
            "location": 2,
            "description": "A drought has caused destabilization in Africa and food prices to skyrocket",
            "tags": [3,4],
            "skills": [3,4],
            "languages": [2]
        }
    },
    {
        "pk": 7,
        "model": "hunchworks.hunch",
        "fields": 
        {
            "creator": 2,
            "time_created": "2011-08-24 11:14:19.244634",
            "time_modified": "2011-08-24 11:14:19.244634",
            "status": 2,
            "title": "More Famine in Horn of Africa",
            "privacy": 2,
            "translation_language": 3,
            "location": 3,
            "description": "Proof that their is a famine in the horn of africa",
            "skills": [1,4],
            "languages": [3]  
        }
    },
    {
        "pk": 8,
        "model": "hunchworks.hunch",
        "fields": 
        {
            "creator": 3,
            "time_created": "2011-08-25 11:14:19.244634",
            "time_modified": "2011-08-25 11:14:19.244634",
            "status": 0,
            "title": "9/11 really caused by the US government",
            "privacy": 2,
            "translation_language": 2,
            "location": 2,
            "description": "The US government purposedly planned the planes ramming into the Twin Towers to starts wars for oil!",
            "skills": [2,4],
            "languages": [4]
        }
    },
    {
        "pk": 9,
        "model": "hunchworks.hunch",
        "fields": 
        {
            "creator": 3,
            "time_created": "2011-08-26 11:14:19.244634",
            "time_modified": "2011-08-26 11:14:19.244634",
            "status": 1,
            "title": "The Sun is affecting our World's weather",
            "privacy": 2,
            "translation_language": 1,
            "location": 3,
            "description": "Whenever their is a solar burst directed at Earth, natural disasters increase.",
            "tags": [1,2],
            "skills": [1,2,3,4],
            "languages": [1]
        }
    },
    {
        "pk": 10,
        "model": "hunchworks.hunch",
        "fields": 
        {
            "creator": 3,
            "time_created": "2011-08-27 11:14:19.244634",
            "time_modified": "2011-08-27 11:14:19.244634",
            "status": 2,
            "title": "Earth Magnetic Field is decreasing",
            "privacy": 2,
            "translation_language": 3,
            "location": 1,
            "description": "Earth Magnetic field is decreasing by 5% a decade and is affecting everything on Earth!",
            "tags": [3,4],
            "skills": [3,4],
            "languages": [2]
        }
    },
    {
        "pk": 11,
        "model": "hunchworks.hunch",
        "fields": 
        {
            "creator": 4,
            "time_created": "2011-08-28 11:14:19.244634",
            "time_modified": "2011-08-28 11:14:19.244634",
            "status": 2,
            "title": "North Pole Ice is decreasing",
            "privacy": 2,
            "translation_language": 4,
            "location": 4,
            "description": "Pictures proving the north pole had decreased by 13% in the last 30 years.",
            "skills": [1,4],
            "languages": [3]  
        }
    },
    {
        "pk": 12,
        "model": "hunchworks.hunch",
        "fields": 
        {
            "creator": 4,
            "time_created": "2011-08-29 11:14:19.244634",
            "time_modified": "2011-08-29 11:14:19.244634",
            "status": 1,
            "title": "South Pole Ice is increasing",
            "privacy": 2,
            "translation_language": 1,
            "location": 2,
            "description": "Pictures proving the south pole has increased by 27% in the last 30 years.",
            "skills": [2,4],
            "languages": [4]
        }
    },
    
    
    {
        "pk": 1,
        "model": "hunchworks.hunchuser",
        "fields": 
        {
            "hunch": 1,
            "status": 0,
            "user_profile": 1
        }
    },
    {
        "pk": 2,
        "model": "hunchworks.hunchuser",
        "fields": 
        {
            "hunch": 2,
			"status": 1,
			"user_profile": 1
        }
    },
    {
        "pk": 3,
        "model": "hunchworks.hunchuser",
        "fields": 
        {
            "hunch": 3,
            "status": 1,
            "user_profile": 1
        }
    },
    {
        "pk": 4,
        "model": "hunchworks.hunchuser",
        "fields": 
        {
            "hunch": 4,
            "status": 2,
            "user_profile": 1
        }
    },
    {
        "pk": 5,
        "model": "hunchworks.hunchuser",
        "fields": 
        {
            "hunch": 1,
            "status": 0,
            "user_profile": 2
        }
    },
    {
        "pk": 6,
        "model": "hunchworks.hunchuser",
        "fields": 
        {
            "hunch": 1,
			"status": 1,
			"user_profile": 3
        }
    },
    {
        "pk": 7,
        "model": "hunchworks.hunchuser",
        "fields": 
        {
            "hunch": 1,
            "status": 2,
            "user_profile": 4
        }
    },
    {
        "pk": 8,
        "model": "hunchworks.hunchuser",
        "fields": 
        {
            "hunch": 2,
            "status": 1,
            "user_profile": 2
        }
    },
    {
        "pk": 9,
        "model": "hunchworks.hunchuser",
        "fields": 
        {
            "hunch": 2,
            "status": 0,
            "user_profile": 3
        }
    },
    {
        "pk": 10,
        "model": "hunchworks.hunchuser",
        "fields": 
        {
            "hunch": 2,
			"status": 1,
			"user_profile": 4
        }
    },
    {
        "pk": 11,
        "model": "hunchworks.hunchuser",
        "fields": 
        {
            "hunch": 3,
            "status": 1,
            "user_profile": 2
        }
    },
    {
        "pk": 12,
        "model": "hunchworks.hunchuser",
        "fields": 
        {
            "hunch": 3,
            "status": 2,
            "user_profile": 3
        }
    },
    
    
    {
        "pk": 1,
        "model": "hunchworks.evidence",
        "fields": 
        {
            "time_created": "2011-08-21 11:14:19.244634",
            "time_modified":  "2011-08-21 11:14:19.244634",
            "description": "Who needs a hypothesis when you have evidence!?",
            "creator": 1,
            "albums": [1],
            "attachments": [1],
            "tags": [1,2,3]
        }
    },
    {
        "pk": 2,
        "model": "hunchworks.evidence",
        "fields": 
        {
            "time_created": "2011-08-21 11:14:19.244634",
            "time_modified":  "2011-08-21 11:14:19.244634",
            "description": "Nobody has anything to say",
            "creator": 1,
            "albums": [1],
            "attachments": [1],
            "tags": [1,2,3]
        }
    },
    
    
    {
        "pk": 1,
        "model": "hunchworks.hunchevidence",
        "fields": 
        {
            "hunch": 1,
            "evidence": 1
        }
    },
    {
        "pk": 2,
        "model": "hunchworks.hunchevidence",
        "fields": 
        {
            "hunch": 1,
            "evidence": 2
        }
    },
    {
        "pk": 3,
        "model": "hunchworks.hunchevidence",
        "fields": 
        {
            "hunch": 2,
			"evidence": 1
        }
    },
    {
        "pk": 4,
        "model": "hunchworks.hunchevidence",
        "fields": 
        {
            "hunch": 2,
            "evidence": 2
        }
    },
    {
        "pk": 5,
        "model": "hunchworks.hunchevidence",
        "fields": 
        {
            "hunch": 3,
            "evidence": 1
        }
    },
    
    
    {
        "pk": 1,
        "model": "hunchworks.attachment",
        "fields": 
        {
            "type": 1,
            "file_location": "/this/is/a/filepath"
        }
    },
    {
        "pk": 1,
        "model": "hunchworks.album",
        "fields": 
        {
            "name": "An Album of attachments",
            "attachments": [1]
        }
    },
    
    
    {
        "pk": 1,
        "model": "hunchworks.comment",
        "fields": 
        {
            "text": "This evidence without a doubt proves this true",
            "posted_at": "2011-09-20 11:14:19.244634",
            "creator": 1,
            "hunch_evidence": 1
        }
    },
    {
        "pk": 2,
        "model": "hunchworks.comment",
        "fields": 
        {
            "text": "This hunch proves absolutely nothing, its useless",
            "posted_at": "2011-09-20 11:14:19.244634",
            "creator": 1,
            "hunch": 1
        }
    },
    {
        "pk": 3,
        "model": "hunchworks.comment",
        "fields": 
        {
            "text": "This hunch has to be true, I see it everywhere!",
            "posted_at": "2011-09-20 11:14:19.244634",
            "creator": 2,
            "hunch": 1
        }
    },
    {
        "pk": 4,
        "model": "hunchworks.comment",
        "fields": 
        {
            "text": "This evidence needs to be removed its useless!",
            "posted_at": "2011-09-20 11:14:19.244634",
            "creator": 2,
            "hunch_evidence": 2
        }
    },
    {
        "pk": 5,
        "model": "hunchworks.comment",
        "fields": 
        {
            "text": "This evidence is absolutely correct, amazing!",
            "posted_at": "2011-09-20 11:14:19.244634",
            "creator": 2,
            "hunch_evidence": 1
        }
    }
]
